1,Studies in the History of Law and Justice,1
1,Ulrike Müßig - Editor,1
1,Reconsidering Constitutional Formation II,1
1,Decisive Constitutional Normativity,1
1,From Old Liberties to New Precedence,1
1,Studies in the History of Law and Justice - Volume 12,2
1,Editorial Board,2
1,Ulrike Müßig - Editor,4
1,Reconsidering Constitutional Formation II,4
1,Decisive Constitutional Normativity,4
1,From Old Liberties to New Precedence,4
1,Ulrike Müßig - Editor,5
1,Reconsidering Constitutional Formation II,5
1,Decisive Constitutional Normativity,5
1,From Old Liberties to New Precedence,5
1,Acknowledgements,7
1,Decisive Constitutional Normativity,7
1,Contents,10
2,A New Order of the Ages. Normativity and Precedence,10
3,The Development of Constitutional Precedence and the Constitutionalization of Individual Rights,10
3,To Which Constitution the Further Laws of the Present Sejm Have to Adhere to in All: Constitutional Precedence of the 3 May System,10
3,The Codification of the Polish Substantial Criminal Law in the Sejm Debates 1818,10
3,Constitutional Precedence and the Genesis of the Belgian Constitution of 1831,10
3,Inaugurating a Dutch Napoleon? Conservative Criticism of the 1815 Constitution of the United Kingdom of the Netherlands,10
3,Constituent Power and Constitutionalism in 19th Century Norway,10
2,"Appendix A: Emmanuel Joseph Sieyès, Du Jury Constitutionnaire (an III)",11
2,"Appendix B: Emmanuel Joseph Sieyès, Du Jury Constitutionnaire (an III)",11
2,"Appendix C: Projet de Constitution pour le Royaume de Pologne, 1812",11
2,"Appendix D: Projet de Constitution pour le Royaume de Pologne, 1812",11
2,About the Authors,11
2,Index,11
1,A New Order of the Ages. Normativity and Precedence,12
2,Contents,12
3,Matters of the Empire,35
3,Self-reliance of the British Imperial Constitution,36
3,Legal Force of Custom in the Unsettled Connexion of the Colonies to Britain,41
3,Establishing Constitution as Law,44
4,Emergence of the Constituent American People,44
4,Natural Law Basis and Foundation of Government,44
4,Independence from Being Subjects of the Same King,46
4,Constitutional American People of the United Colonies (1776-8),47
3,Farewell to the Lockean Inter legislatorem et populum nullus in terris est judex,56
3,Constitution as Supreme Legal Codex for Central State Issues,51
4,Focus on the Division of Sovereignty Between Union and Single States,51
4,The Constitution as Guarantee for the Existence of the Union,52
4,Constitutional Silence on Precedence,53
3,Summary of Sections 3 and 4,60
3,Legal Transition of Philosophical Truths,61
4,6.1 Sieyès’s Constitutional Jury (jury constituionnaire),63
4,6.1.1 Constitutional Debates of 2 and 18 Thermidor III (20 July and 5 August 1795),67
4,6.1.2 Communicative Implications of the Jury’s Attributions in the Thermidorian Constitutional Debates,73
1,A New Order of the Ages. Normativity and Precedence,12
2,Contents,12
3,Legal Transition of Philosophical Truths,61
4,6.1.2 Communicative Implications of the Jury’s Attributions in the Thermidorian Constitutional Debates,73
1,Defeat of Sieyès’ Jury Proposal and Its Consequences on the French Constitutional Jurisdiction,79
2,"Avenues of New Constitutional Research: Sketching Germany, 1848",82
3,Juridification Matters in the Public Sphere Around the Constituent St. Paul’s Church Assembly,84
4,7.2 Supremacy Matters in the Public Sphere Around the Constituent St. Paul's Church Assembly,87
4,7.3 Revision Matters in the Public Sphere Around the Constituent St. Paul's Church Assembly,92
3,8 Conclusion,96
3,References,98
1,The Development of Constitutional Precedence and the Constitutionalization of Individual Rights,109
2,Gerald Stourzh,109
2,Contents,109
3,1 Fundamental Laws and Fundamental Rights in the 17th and 18th Centuries and the Invention of the Word Unconstitutional in England,109
3,2 The Dissociation of Constitutional from Legislative Power in North America and the Constitutionalisation of Individual Rights (Colonies and States up to 1787/88),109
3,3 Fundamental or Paramount Law on the Federal Level in the United States: Marbury v. Madison 1803 and Obergefell v. Hodges 2015,109
3,"4 Europe, Constitutional Complaint (Verfassungsbeschwerde) and Individual Complaint (Individualbeschwerde): Roots 1848 and 1867, Beginnings 1919/1920, Breakthrough After World War II",109
2,References,109
2,Abstract,109
1,The Development of Constitutional Precedence and the Constitutionalization of Individual Rights,109
2,Abstract,109
2,Fundamental Laws and Fundamental Rights in the 17th and 18th Centuries and the Invention of the Word “Unconstitutional” in England,110
2,The Dissociation of “Constitutional” from Legislative Power in North America and the “Constitutionalisation” of Individual Rights (Colonies and States up to 1787/88),113
3,The Development of Constitutional Precedence,113
3,The Development of Constitutional Precedence,111
3,The Development of Constitutional Precedence,112
1,The Development of Constitutional Precedence,109
2,The Dissociation of “Constitutional” from Legislative Power in North America and the “Constitutionalisation” of Individual Rights (Colonies and States up to 1787/88),113
3,The Development of Constitutional Precedence,112
1,The Development of Constitutional Precedence,115
2,Fundamental or Paramount Law on the Federal Level in the United States: Marbury v. Madison 1803 and Obergefell v. Hodges 2015,117
3,"Europe, “Constitutional Complaint” (Verfassungsbeschwerde) and “Individual Complaint” (Individualbeschwerde): Roots 1848 and 1867, Beginnings 1919/1920, Breakthrough After World War II",119
1,The Development of Constitutional Precedence,119
4,Grundrechte,120
1,References,121
2,Anonymous [possibly Melancton Smith] (1981 (1787/88)). Letters from the Federal Farmer.,121
2,Blackstone W (1765) Commentaries on the Laws of England. Book the First vol I. Clarendon,122
2,"Commager HS (1963) Documents of American history, vol I, 7th edn. Appleton-Century-Crofts,",122
2,"Cooke JE (ed) (1961(1788)) The federalist. The World Publishing Company, Meridian Books,",122
2,Crawford CC (1915) The suspension of the Habeas Corpus Act and the Revolution of 1689.,122
2,de Vattel E (1863 (1758)) Le Droit des gens ou Principes de la loi naturelle. In Pradier-Fod,122
2,"Habermas J (1967) Naturrecht und Revolution. In: Theorie und Praxis. Luchterhand, Neuwied,",122
2,McIlwain CH (ed) (1935 (1607)) The Political Works of James I. New York,122
2,"McRee GJ (ed) (1858) Life and correspondence of James Iredell, vol II. D. Appleton and",122
2,Pasquino P (1998) Siey,122
1,Introduction,124
2,A Note on Terminology,129
3,Characteristic of the Sources,132
4,French Inspirations of Polish Republicans: Drafts of Mably and Rousseau,134
5,The Extraordinary Procedure for Enactment of the Constitution of 3 May: Oath on the Constitution,123
6,The Problem of the Supreme Law in the Time of the 3 May Debate,123
7,Relation Between the Constitution and the Ordinary Legislation: Nullification of the Law Contravening to the Constitution,123
8,The Procedure of Constitutional Revision,123
9,Summary,123
10,Summary (Polish),123
1,References,123
1,Considerations on the Government of Poland,135
1,Lettres sur la constitution actuelle de la Pologne et la tenue de ses,135
1,liberum veto,135
1,interregnum,135
1,the Polish government,135
1,Social contract,135
1,Considerations sur le gouvernement de la Pologne et sur sa reformation projet,135
1,nation,136
1,Comit,136
1,s censoriaux.,136
1,interregnum,136
1,Rousseau and Polish republicanism,136
1,membres,137
1,actifs de la R,137
1,publique,137
1,Du gouvernement et des lois de,138
1,la Pologne,138
1,liberum veto,138
1,la nation sera,139
1,convoqu,139
1,e extraordinairement,139
1,une des fautes principales des,139
1,l,139
1,"gislateures en faisant leurs lois, c",139
1,est de ne pas donner la facult,139
1,de sa r,139
1,tablir et,139
1,"de se reproduire, pour ainsi dire, par ses propres forces. De l",139
1,une d,139
1,gradations,139
7,Relation Between the Constitution and the Ordinary Legislation: Nullification of the Law Contravening to the Constitution,123
8,The Procedure of Constitutional Revision,123
9,Summary,123
10,Summary (Polish),123
1,Gradations,139
1,De la situation de la Pologne en 1776,140
1,The Extraordinary Procedure for Enactment of the Constitution of 3 May: Oath on the Constitution,141
1,Zasady do poprawy formy rz,142
1,The Problem of the Supreme Law in the Time of the 3 May Debate,152
2,Henrician Articles and Pacta Conventa,152
2,Cardinal Laws in Polish Tradition and Legal System,155
1,Enactment of the Government Statute,144
1,An Oath on the Constitution,147
2,necessitas non habet legem,145
2,Pacta Conventa,146
2,Gazeta Narodowa Y Obca,150
2,id est,150
2,Sejmiki,148
2,necessitas non habet,149
2,legem,149
2,Gazeta Narodowa Y Obca,151
2,absolutum dominium,152
2,expresses verbis,153
2,publicae libertatis,153
2,Pacta Conventa,153
2,Pacta Conventa,154
2,neminem captivabimus,156
2,expressis verbis,156
7,Relation Between the Constitution and the Ordinary Legislation: Nullification of the Law Contravening to the Constitution,163
8,The Procedure of Constitutional Revision,170
2,liberum veto,157
2,palladium libertatis,159
2,id est,159
2,Pacta Conventa,160
2,expressis verbis,160
2,Sejmik,166
2,ius aggratiandi,166
2,Projet de réforme de Constitution in 1791,163
2,partie réglementaire,170
2,inter alia,171
2,in toto,172
2,Pacta Conventa,171
2,Pacta Conventa,172
2,af rmative/negative,172
1,The Codification of the Polish Substantial Criminal Law in the Sejm Debates 1818: A Practical Test of the Precedence of the 1815 Constitution of the Kingdom of Poland,183
2,Marcin Byczyk,183
3,Contents,183
4,Introduction,183
4,The Origins of the 1815 Constitution of the Kingdom of Poland,183
4,General Characteristics of the Constitution of 1815,183
5,Regulations in the 1815 Constitution Concerning the Criminal Law,183
6,The Enactment of the Polish Criminal Code of 1818,183
7,The Evaluation of the Congruity of the Criminal Code of 1818 with the 1815 Constitution of the Kingdom of Poland,183
8,Conclusions,183
9,Summary (Polish),183
10,References,183
1,Introduction,184
2,The Origins of the 1815 Constitution of the Kingdom of Poland,185
3,Projet de Constitution du Royaume de Pologne,189
3,The governmental law of the Grand Duchy of Lithuania,189
3,Ustawa rz dowa Wielkiego Ksi stwa Litewskiego,189
3,habeas corpus,191
4,Government,195
4,Of the national representation,195
4,trias politica,195
4,The government resides in the person of the King. He exercises in all their plenitude the functions of executive power. All executive and administrative authority must emanate from him,195
4,"The legislative power resides in the person of the King and in the two chambers of the Sejm, conformably with the regulations of the article thirty one",195
4,The judicial order is constitutionally independent,195
4,the judges nominated by the King are for life and cannot be removed,195
4,"shall finally determine all civil and criminal cases, state crimes excepted",195
4,"administer the affairs of the kingdom in the King's name, during his absence.",196
4,"The law shall protect every class of citizens alike, without regard to their rank or condition",197
4,Every legitimated foreigner shall enjoy the protection of the laws and the advantages which they secure on the same footing as the other inhabitants,198
4,a contrario,198
5,The Enactment of the Polish Criminal Code of 1818,203
2,nullum crimen sine lege,203
2,All anterior laws and institutions which maybe Contrary to the present charter are hereby abrogated,202
2,against Constitution and the laws,205
2,"against the regulations of the Constitution, organic statutes, laws or the resolutions of the king or king’s representative",205
2,protected in the article 138 and 139 of the Constitution independence of the judiciary,205
2,arbitrariness of the judges,206
2,as long as a proper for the Duchy of Warsaw Criminal Code cannot be elaborated,204
6,nullum crimen sine lege certa,206
6,"In the constitutional countries the law should be clear and enlightened, leaving no freedom for a judge, since otherwise he will govern according to it and not according to the law and therefore he will become omnipotent",206
6,"not only aims at securing the constitutional laws, but also will supply us with national laws, appropriate for our existence",207
6,inspired by the old and the new laws which we are familiar with... tailored to the Constitution,207
6,an expulsion from the country since Art. 25 states clearly that a sentenced person will serve his sentence in the Kingdom,207
6,Conscation as contrary to the Constitution is at no place prevalent in the Codex.,207
6,"completely tailored to the Constitution, encompassing protection from the arbitrariness of the clerks",207
6,The constitutional statue does not distinguish between the estates,208
6,being support for the constitutional freedoms,208
6,it is a new honour for the project that it so clearly protects our Constitution,208
6,"is contradictory to this spirit, which exists in our entire",208
6,The religion of our ancestors is protected according to the Constitutional Charter... suicide is not forgotten and the polygamy and the perjury is counted as a felony,208
6,possibly less consistent with the Constitution then the laws in force at the moment,209
3,The Evaluation of the Congruity of the Criminal Code of 1818 with the 1815 Constitution of the Kingdom of Poland,212
4,"If the fortune of a sentenced person is sufficient, the punishment of an arrest in a public house can be converted to a pecuniary punishment, but only there, where the",212
4,"contrary to our way of thinking, our liberal Constitution",210
4,constitutional nation law should judge the misdemeanours and the crimes of a man,210
4,the nature of the constitutional government,210
4,"can be no punishments for the persecutors as well as for the clerks, since the persecutors are judicial magistrates and the independence of the judiciary is the most beautiful characteristics of the Constitution",209
4,most clearly the blessed results for the Constitution can manifest themselves,209
4,the offences are quite often a result of the activity of the government itself,209
4,"the arbitrariness of the judge has been limited since the law clearly prescribes him what penalty for any kind of felony should be meted out, it can be neither a more severe nor a milder one than the one that the law prescribes",209
4,will not serve the judges for arbitrariness,209
1,Conclusions,215
1,Summary (Polish),216
2,law explicitly enables for such a change,213
2,nullum crimen sine lege,213
2,"As a felony, offence or misdemeanour only such a deed can be considered and punished, which according to this law has been found to be a felony, offence or misdemeanour",213
2,"all the police misdemeanours which are not encompassed in this book shall be, according to their nature, considered to be belonging to one of the three chapters of this book und punished according to the punishments specified there.",213
2,"All other acts or omissions in respect to the security of human life, which endanger the natural and common duties of every man or which had been committed contrary to the explicit regulations of the law, which due to the number of their cases cannot be specified... shall be punished",213
2,"Even though the cases of fraud and falsification due to their great number cannot be enumerated, the crime of falsification is committed when...",214
2,"Who maliciously, by the means of scoffing writings or prints gives rise among the inhabitants of the country to disdain of the Constitution or attempts to give rise to such a disdain, shall be punished with arrest in a public house between 3 months and one year",214
2,modus vivendi cognitationis nemo patitur,214
2,"number cannot be enumerated, the crime of falsi cation is committed when",214
1,References,217
1,Constitutional Precedence and the Genesis of the Belgian Constitution of 1831,220
2,Brecht Deseure,220
2,Contents,220
2,Abstract,220
3,Reconsidering Constitutional Formation II Decisive Constitutional Normativity,220
1,Introduction,221
2,From Fundamental Law to Belgian Constitution,223
2,De lange schaduw van de grondwetgever perswetgeving en persmisdrijven in België 1831 – 1914,222
2,charte octroyée,227
3,"Observateur politique, administratif, historique et litteraire de la Belgique",229
3,Mathieu Laensberg,230
3,Courrier des Pays Bas,231
3,"monarchie temperee, distinction des pouvoirs, inviolable, responsable",232
4,Epilogue: Constitutional Discourse After 1831,257
5,Summary (Dutch): Grondwettelijke Voorrang en het Ontstaan van de Belgische Grondwet van 1831,259
6,Summary (French): La Primauté de La Constitution et La Genèse de La Constitution Belge de 1831,260
1,References,261
1,Inaugurating a Dutch Napoleon? Conservative Criticism of the 1815 Constitution of the United Kingdom of the Netherlands,266
1,Frederik Dhondt,266
2,Contents,266
3,Introduction,266
3,The Dutch-Belgian Constitution of 1815,266
3,International Context,266
3,The Right to Declare War (Art. 57-58),266
3,Leave Us as We Are: Jan-Jozef Raepsaet the Constitution as a Pactum,266
3,Epilogue: The Eclipse of the Monarchical Principle,266
3,References,266
2,Abstract,266
1,Open Access,265
1,Introduction,267
2,The Dutch-Belgian Constitution of 1815,267
2,International Context,267
2,The Right to Declare War (Art. 57-58),267
2,Leave Us as We Are: Jan-Jozef Raepsaet the Constitution as a Pactum,267
2,Epilogue: The Eclipse of the Monarchical Principle,267
2,References,267
2,Abstract,267
1,Reconsidering Constitutional Formation II Decisive Constitutional Normativity,266
1,The Dutch-Belgian Constitution of 1815,269
2,a Napoleonic regulated state with a constitutional,269
2,Hoge Raad,270
2,troupeau de moutons,271
2,la ménagerie du roi,271
2,"pouce de terre, des personnes mal notées, des juges, des administrateurs destitués du temps des Français pour corruption et concussion, etc.",271
1,The Dutch-Belgian Constitution of 1815,269
2,"pouce de terre, des personnes mal notées, des juges, des administrateurs destitués du temps des Français pour corruption et concussion, etc.",271
1,International Context,272
2,"Prenez la nouvelle Constitution de Hollande, huit articles de Londres et vingt-quatre personnes dont bien six ont de la conscience et de l'instruction. Mettez tout cela ensemble hermétiquement fermé à La Haye; secouez bien à plusieurs reprises, observant de choisir un tems bien chaud et surtout bien orageux. Laissez fermenter pendant environ deux mois et vous retrouverez les huit articles de Londres, la nouvelle Constitution de Hollande et les 24 personnes, le tout un peu froissé. Et la liqueur est faite, il faut la boire",272
1,The Right to Declare War (Art. 57-58),273
2,Pourquoi faut-il une nouvelle constitution,272
2,lubrications and fancies of foreign writers,275
2,corpus,275
2,ad libitum,275
2,lois fondamentales,275
1,Leave Us as We Are: Jan-Jozef Raepsaet the Constitution as a Pactum,276
2,De iure belli ac Paci,275
2,du consentement de mon parlement,276
2,Riksdag,276
2,Conseil Général Corps Législatif,276
2,Code Civil,278
2,titre légal,277
2,centre de circonvallation,278
2,"on se serait permis de traiter de nous et sans nous, par un simple article sur des bases convenues avec le prince d’Orange, avant qu’il ne fut notre souverain",277
2,"Suivant cet avis, le code n’est qu’une analyse de la loi romaine à laquelle on accorde force de loi à l’analyse de la loi, mais on refuse force de loi à la loi même",278
1,Constituent Power and Constitutionalism in 19th Century Norway,284
2,Eirik Holm,284
3,Contents,284
4,"1. What Is a Constitution? Delegation, Octroi or Contract?",284
4,2. The Case of Norway,284
4,3. Background: The Constituent Power and the Norwegian 1814 Constitution,284
5,3.1 The 1814 Constitutional Assembly as the Embodiment of the Constituent Power,284
5,3.2 International Context and Influences,284
4,4. Context: The Constituent Power in Post 1814 Restoration Era Europe,284
5,4.1 The Monarchical Principle and the Constituent Power,284
5,4.2 The Monarchical Principle and the Separation of Powers,284
4,5. Who Is the Constituent Power? Norwegian Constitutionalism Contested 1824-1884,284
5,5.1 The Monarchical Principle Introduced to Norway,284
5,5.2 Contracty
4,6. Conclusion,284
3,Open Access,283
1,References,284
1,Abstract,284
1,Reconsidering Constitutional Formation II Decisive Constitutional Normativity,284
1,"What Is a Constitution? Delegation, Octroi or Contract?",285
1,"La Nation, de que seule manent tous les Pouvoirs, ne peut les exercer que par d gation",286
1,The Case of Norway,287
1,Background: The Constituent Power and the Norwegian 1814 Constitution,288
2,The 1814 Constitutional Assembly as the Embodiment of the Constituent Power,288
1,International Context and In uences,291
2,The Rights of Man,291
2,Droit de Gens,291
1,Context: The Constituent Power in Post 1814 Restoration Era Europe,292
2,The Monarchical Principle and the Constituent Power,292
1,The Monarchical Principle and the Separation of Powers,295
2,Charte constitutionnelle,293
2,Ancien Régime,294
2,wirkliche Verfassung,294
2,R,295
2,"exions sur les constitutions, la distribution des pouvoirs, et les garanties, dans une monarchie constitutionnelle",295
2,Equisse de constitution.,295
1,The Monarchical Principle and the Separation of Powers,295
2,Equisse de constitution.,295
2,Who is the Constituent Power? Norwegian Constitutionalism Contested 1824 – 1884,296
3,The Monarchical Principle Introduced to Norway,296
2,Contract or Delegation? Competing Views on the Constitution’s Character,300
3,Om den Norske Constitution,302
1,The Constituent Power as an Argument for Judicial Review,304
2,Marbury v. Madison,304
2,Marbury v. Madison,306
1,De la démocratie en Amérique,307
2,Charte constitutionnelle,307
1,The Constituent Power Decided,284
2,Lex Regia,303
2,all public authority is vested in the monarch,303
2,vereiniget in sich alle Rechte der Staatsgewalt,303
2,Commentaries on the Constitution of the United States,306
2,"Ugeblad for lovkyndighed, statistik og stats",305
2,konomi,305
2,constitutionnaire,305
2,Charte con-,305
2,stitutionnelle,305
2,ex post,305
2,ex ante,305
2,S,305
2,é,305
2,nat conservateur.,305
2,De la d,307
2,é,307
2,mocratie en,307
2,Am,307
2,é,307
2,rique,307
2,Marbury v.,307
2,Madison,307
2,Charte constitutionnelle,307
6,Conclusion,314
1,References,315
2,Records of the Constitutional Assembly in 1814,317
2,Riksforsamlingens forhandlinger,317
2,"Records of the Norwegian Parliament and Extraorinary Parliament, Royal Propositions",317
2,Court Decisions,317
3,Marbury v. Madison,317
2,Records of the Court of Impeachment in 1883 – 1884,318
3,Rigsrets-Tidende,318
2,Treaties,318
2,"Constitutions, Norway",318
3,https://stortinget.no/globalassets/pdf/english/constitutionenglish.pdf,318
2,Constitutions,318
3,La Charte Constitutionnelle,318
3,Statuto Albertino,318
1,Open Access,319
2,http://creativecommons.org/licenses/by/4.0/,319
7,In Keeping with the Spirit of the Albertine Statute - Constitutionalisation of the National Unification,320
1,Giuseppe Mecca,320
2,Contents,320
3,Abstract,320
1,Overview,321
2,What is the constitution?,321
1,"Constitution, Charte and Statuto: Different Names for the Same Thing?",323
2,Albertine Statute as Fundamental Law,325
3,On rights and duties of the citizen,325
1,Flexibility and Elasticity of the Constitution in the Legal Debate,340
2,Absolute Limits,339
2,Relative Limits,339
2,Constitutional Custom,339
2,Integrative Statute Law,339
2,Absoluta Potestas,339
2,Archivio di Diritto Pubblico,339
1,"Interpreting the Constitution: Letter of Statute, Customs and Practice",343
2,Usus Fori,342
2,Consuetudo Parlamenti,342
2,Lo Statuto Albertino ed il suo Sviluppo Storico,341
2,Sul Carattere Rigido o Essibile della Costituzione Italiana,341
2,Istituzioni di Diritto Costituzionale Italiano,343
2,Opinio Juris ac Necessitatis,343
1,Summary (Italian),352
2,National Building,352
2,leges fundamentales,353
2,pactum unionis,353
1,References,354
1,Legal Hierarchies in the Works of Hans Kelsen and Adolf Julius Merkl,362
2,Thomas Olechowski,362
2,Contents,362
2,Abstract,362
2,References,362
2,Open Access,361
2,Dizionario politico nuovamente compilato ad uso della giovent italiana,356
2,Dizionario politico popolare,356
2,Chartes,357
2,Marbury v. Madison,362
2,Verfassungsvorrang,362
2,Lehre vom Stufenbau der Rechtsordnung,362
1,Legal Hierarchies in the Works of Hans Kelsen and Adolf Julius Merkl,362
2,Lehre vom Stufenbau der Rechtsordnung,362
3,Reconsidering Constitutional Formation II Decisive Constitutional Normativity,362
3,Rechtsstaat,364
3,regis voluntas suprema lex,365
1,Appendix A,372
2,"Emmanuel Joseph Sieyès, Du Jury Constitutionnaire (an III)",372
3,Presented on 18 Thermidor III (5 August 1795),372
1,References,370
1,Open Access,371
2,http://creativecommons.org/licenses/by/4.0/,371
1,Marbury v. Madison,368
1,"Appendix B: Emmanuel Joseph Sieyès, Du Jury Constitutionnaire (an III)",376
1,Presented on 18 Thermidor III (5 August 1795),376
1,"Appendix C: Projet de Constitution pour le Royaume de Pologne, 1812",380
1,Constitutional Jury,376
1,Cahier de propositions,373
1,Cahier de propositions,374
1,Jury d'équit naturelle,374
1,Arrêts d'équit naturelle,374
1,Avis,373
1,Oui,374
1,Non,374
1,"Polityka Lubeckiego przed powstaniem listopadowym, vol. II",383
1,Czasopismo Prawno-Historyczne,383
1,Reconsidering Constitutional Formation II Decisive Constitutional Normativity,376
1,Reconsidering Constitutional Formation II Decisive Constitutional Normativity,380
1,Marbury v. Madison,368
1,http://creativecommons.org/licenses/by/4.0/,371
1,Presented on 18 Thermidor III (5 August 1795),372
1,Il Popolo d'Italia,349
1,Opinione pubblica,349
1,Lo statuto e il senato,348
1,L'opinione pubblica,349
1,Appendix D,395
2,"Projet de Constitution pour le Royaume de Pologne, 1812",395
2,Draft of the Constitution of the Kingdom of Poland 1812,395
3,Reconsidering Constitutional Formation II Decisive Constitutional Normativity,395
1,The Second Title and the rst provisions of the Third Title are missing,398
2,Constitutional Charter of the Kingdom of Poland in the Year 1815,398
2,"New Constitution of the Government of Poland, Established by the Revolution, the Third of May 1791",398
3,"The Polish-Lithuanian State, 1386 – 1795",398
3,New Constitution of the Government of Poland 1791,398
2,arrondisement,402
3,New Constitution of the Government of Poland,402
1,About the Authors,412
1,Index,415
2,Acte constitutionnel du 24 juin 1793,415
2,Angliae Notitia,415
2,Auctoritas,415
2,Comit\u00e9 de Salut public,416
2,Conseillers,409
2,Corte d'Appello di Ancona,413
2,"French Protestantism and the French Revolution: A Study in Church and State, Thought and Religion 1685-1815",405
2,Maktfordeling og 1814 Tolkingar av Grunnlova. Om forfatningsutviklinga 1814-2014 L\u00e6rebok i forfatningshistorie,412
2,New Constitution of the Government of Poland,402
2,Politics and Culture in Eighteenth-Century Russia,403
2,Reconsidering Constitutional Formation II Decisive Constitutional Normativity,415
2,The Duchy of Warsaw 1807-1815: A Napoleonic Outpost in Central Europe,404
2,The Second Title and the rst provisions of the Third Title are missing,398
2,Vice Chef,405
2,Wojewoda,407
2,ad interim,405
2,venia docendi,413
3,Ancien R\u00e9gime,415
3,Conseil Dirigeant,404
3,Secret\u00e9,410
1,Index,415
2,venia docendi,413
3,Secreté,410
1,Rada Administracyjna,418
1,Rada Stanu,418
1,Rada Nieustająca,418
1,Courrier de la Sambre,418
1,Courrier des Pays-Bas,418
1,Deutsche constitutionelle Zeitung,418
1,Deutsches Volksblatt,418
1,Deutsche Zeitung,418
1,Il diritto,420
1,Il Risorgimento,420
1,Journal d'Anvers,420
1,Gazeta Narodowa Y Obca,419
1,"Grundrechte des deutschen Volkes. See Act, Fundamental Rights, German 1848",419
1,Habeas Corpus Act,419
1,Le Constitutionnel,421
1,Leges fundamenales,421
1,L'Emancipation,421
1,Le Politique,421
1,Le Vrai Patriote,421
1,Lex salica,421
1,L'Italia del popolo,421
1,"L'Observateur politique, administratif, historique et littéraire de la Belgique",421
1,L'Opinione pubblica,421
1,Magna Carta,421
1,National-Zeitung,421
1,Neue Münchener Zeitung,421
1,\u0142,425
2,Zasady do poprawy formy rz,425
1,\u0105,425
2,du,425
