1,A Century of the Canadian-American Water Relationship,5
1,UNIVERSITY OF CALGARY Press,1
2,Canadian History and Environment Series,4
3,Edited by LYNNE HEASLEY and DANIEL MACFARLANE,5
10,© 2016 Lynne Heasley and Daniel Macfarlane,6
1,Canada-U.S. border watersheds,11
2,Negotiating Abundance and Scarcity: Introduction to a Fluid Border,21
3,LYNNE HEASLEY AND DANIEL MACFARLANE,21
4,Mean Annual Precipitation (mm) 1981-2010,27
1,So why the good outcome Our explanation begins at the U.S.-Canada border,28
2,The Boundary Waters Treaty of 1909 and the IJC figure prominently in,30
3,Notes,38
4,'Sporhase v. Nebraska ex rel. Doug-',38
5,The foundational work of North American water history on which historians and theorists continue,38
6,'Lynne Heasley and Daniel Macfarlane',38
7,a pattern that was familiar in the American West the role played by water law in creating shortages,39
2,Pandora’s Locks: The Opening of the Great Lakes-St. Lawrence Seaway (East Negotiating Abundance and Scarcity),45
1,PART ONE Finding the Border: Political Ecologies of Water Governance and Tenure,45
1,Openings,47
2,Political Ecologies on the Border,47
3,Pollution doesn’t respect political boundaries.,47
4,DAVE DEMPSEY,47
6,Originally viewed as a temporary information service in the late,54
2,Noau D. HALL AND PETER STARR,57
3,Introduction: The Origins of United States- Canada Water Management,57
1,Illinois,60
2,ll. U.S. Context: Approaches to Transboundary (Interstate) Water Management,60
2,Interstate Water Allocation through Equitable Apportionment,61
3,Interstate Water Allocation through Interstate Compacts,61
2,Historical Interstate Nuisance: Example of the Chicago Diversion Litigation,63
1,Contemporary Interstate Nuisance: Asian Carp and the Chicago Diversion Today,65
2,Ill. Binational Context: International Agreements on Water Management,67
3,THE GREAT LAKES WATER QUALITY AGREEMENT,67
4,THE GREAT LAKES CHARTER OF 1985,69
5,ANNEX 2001 TO THE GREAT LAKES CHARTER,71
1,e animprovement to the Waters and Water-Dependent Natural Resources of the Great Lakes Basin; and,71
2,STATE-PROVINCIAL COOPERATION UNDER THE GREAT LAKES AGREEMENT,76
2,INTERSTATE MANAGEMENT UNDER THE GREAT LAKES COMPACT,78
4,pass a reasonable-use balancing test”,77
1,IV. CONCLUSION,79
1,Dellapenna Interstate Struggles,81
3,Il. Defining The Border: A Process of Social Construction,84
4,lV. Sharing a Continent: Indigenous Space and Governing Water,87
2,Pinpointing the historical moment when territorial boundaries became conflated with citizenship and nationhood is a challenge.,87
2,Scholars of international relations often point to the Peace of Westphalia (1648) as such,87
4,Making Native Space: Water Is Life ... Billy’s Story,90
5,The Coast Salish peoples live day to day with a colonial history of borders and boundaries.,92
6,The Coast Salish Gatherings Today: A Transboundary Success Story,94
1,IV. Sharing a Landscape: Watershed Boundaries as “New” Borderlands,95
2,Beyond the Westphalian Model,95
3,The IJC Embraces Integrated Water Resource Management,97
4,The Hidden Complexity of Watershed Boundaries: Challenges and Uncertain Outcomes,98
1,V. Conclusion: Sharing a Landscape,100
1,Contesting the Northwest Passage: Four Far-North Narratives,105
1,Is the Northwest Passage of the Arctic an international strait or historic internal waters?,105
1,A Nineteenth-Century Frontier: The Initial Claim,106
2,1970-1990: A Region to Protect Environmentally,112
3,Present Day: Resources to Develop,117
1,Trudeau Government Still Mulling Port of Chur-chill Options,126
3,Transboundary Power Flows,131
5,South over the Wires: Hydro-Electricity Exports from Canada,138
1,Foundations and Social Change,138
2,Introduction,141
4,Introduction,141
5,Negotiations,143
6,Ontario,144
1,Postwar Agreements,148
2,Construction,151
3,Lake St. Lawrence,152
2,unbroken and satisfactory crest line while allowing for the diversion of water for power production.,155
2,Conclusion,162
5,Daniel Macfarlane,164
1,in areas to be flooded as part of,165
1,Niagara Falls Preservation Pro- gram Starts,165
3,Clio in Canada: The Interpretation of Canadian Histo- ry,166
1,Quebec's Water Export Schemes: The Rise and Fall of a Resource Development Idea,169
1,Quebec that identify with the St. Lawrence,166
1,Fresh water overlift,170
2,Power from the North: Quebec experimenting with the water export idea,172
3,Strong Lobbying by the Business Community,175
4,Water Tanker Exports: Saving the Water-Poor Is Not Profitable,175
5,Renewal of the Export Scheme to the United States,178
1,Canada's renewable freshwater resources are estimated at about,182
5,It proves very difficult to set harmonized thresholds of water withdrawal impacts given the,185
1,Engineering a Treaty,187
2,Mountain Social Science Journal,212
3,(U.S.) Senate hearings held during the spring of,213
1,Memorandum on Implications of Treaty Delay,216
2,PART THREE,223
2,Border Ecologies in Boundary Waters,225
3,general discussion,220
1,JAMES W. FELDMAN,225
3,JOSEPH E. TAYLOR III,233
4,Lone Star (1996),233
1,and Non-Indians in the Puget,248
5,'Contaminant Effects on Ovarian Development in English Sole (Parophrys vetulus) from',253
1,and UK-Farmed Fish and Their,254
2,Lake Trout,259
3,Lake Superior Overview,260
1,Watershed Changes,263
1,Loggers on the American shores of Lake Superior between 1890 and,265
2,Fishing,266
2,Sea Lamprey,269
3,Lake Trout Recovery,271
2,Climate Change and Lake Superior,273
3,Conclusion,275
4,Lake Superior Binational Forum,277
1,Thomas A. Edsall and Murray,278
2,Nancy Langston,278
1,The Lakes at Night,283
2,JERRY DENNIS,283
2,Note,287
3,Crossings JEREMY MouAtT,289
4,One of Alberta’s most well-known features,291
1,Meditations on Ice,293
2,CoLIn A.M. DUNCAN AND ANDREW MARCILLE,293
3,Bordering on Significance?,297
4,DANIEL MACFARLANE,297
5,Leading Waters,307
1,Headwaters of Hope,312
2,Oh. Lowell paused. Then: Have you found the fishing spot yet?,313
3,Noau D. HALL,307
1,Keeping Up the Flow,317
2,GRAEME WYNN,317
4,Il. Printed Primary Sources and Government Documents,328
1,Canada. Parliament. House of Commons. Debates,328
2,United States. Department of State. Foreign Relations of the United States,329
2,United States. Department of State. Foreign Relations of the United States,329
3,Ill. Secondary Sources,330
1,Beyond the Border: Tensions across the 49th Parallel in the Great Plains and Prairies,333
3,Re-centering North American Environmental History,334
5,Great Lakes Pollution: A Framework for Action,337
7,Furthering the Environmental Turn,340
2,Construction of the St. Lawrence Seaway,341
4,Electrifying America: Social Meanings of a New Technology,340
